{
  "swagger" : "2.0",
  "info" : {
    "version" : "1.0",
    "title" : "Summary about the new REST service.",
    "description" : "Summary about the new REST service."
  },
  "host" : "localhost:8083",
  "basePath" : "/",
  "schemes" : [ "http" ],
  "paths" : {
    "/getstockprices" : {
      "get" : {
        "summary" : "",
        "description" : "",
        "operationId" : "get-getstockprices",
        "consumes" : [ "application/json" ],
        "produces" : [ "application/json" ],
        "parameters" : [ {
          "name" : "stockname",
          "in" : "query",
          "description" : "",
          "type" : "string",
          "required" : true
        } ],
        "responses" : {
          "200" : {
            "description" : "a stock to be returned",
            "schema" : {
              "$ref" : "#/definitions/stock"
            }
          }
        }
      }
    },
    "/getstockbyname" : {
      "get" : {
        "summary" : "",
        "description" : "",
        "operationId" : "get-getstockbyname",
        "consumes" : [ "application/json" ],
        "produces" : [ "application/json" ],
        "parameters" : [ {
          "name" : "stockname",
          "in" : "query",
          "description" : "",
          "type" : "string",
          "required" : false
        } ],
        "responses" : {
          "200" : {
            "description" : "a stocks to be returned",
            "schema" : {
              "$ref" : "#/definitions/stocks"
            }
          }
        }
      }
    }
  },
  "definitions" : {
    "stock" : {
      "type" : "object",
      "required" : [ "high", "close_price", "stock_name", "low", "open_time", "close_time", "open_price" ],
      "properties" : {
        "stock_name" : {
          "type" : "string"
        },
        "open_price" : {
          "type" : "number"
        },
        "open_time" : {
          "type" : "string"
        },
        "close_price" : {
          "type" : "number"
        },
        "close_time" : {
          "type" : "string"
        },
        "high" : {
          "type" : "number"
        },
        "low" : {
          "type" : "number"
        }
      }
    },
    "stocks" : {
      "type" : "object",
      "properties" : {
        "stock" : {
          "type" : "array",
          "items" : {
            "$ref" : "#/definitions/stock",
            "uniqueItems" : false
          }
        }
      }
    }
  }
}