{
  "swagger" : "2.0",
  "info" : {
    "version" : "1.0",
    "title" : "Summary about the new REST service.",
    "description" : "Summary about the new REST service."
  },
  "host" : "localhost:8080",
  "basePath" : "/",
  "schemes" : [ "http" ],
  "paths" : {
    "/sendpayment" : {
      "post" : {
        "summary" : "",
        "description" : "",
        "operationId" : "post-sendpayment",
        "consumes" : [ "application/json" ],
        "produces" : [ "application/json" ],
        "parameters" : [ {
          "name" : "body",
          "in" : "body",
          "description" : "",
          "schema" : {
            "$ref" : "#/definitions/payment"
          },
          "required" : true
        } ],
        "responses" : {
          "201" : {
            "description" : "Created",
            "schema" : {
              "type" : "string"
            }
          },
          "200" : {
            "description" : "OK"
          }
        }
      }
    }
  },
  "definitions" : {
    "fundTransferDetl" : {
      "type" : "object",
      "required" : [ "amount", "comments", "transferCurrency", "destinationCurrency", "transferType", "debitAccountId", "sourceCurrency", "payeeId" ],
      "properties" : {
        "debitAccountId" : {
          "type" : "string"
        },
        "payeeId" : {
          "type" : "string"
        },
        "amount" : {
          "type" : "number"
        },
        "sourceCurrency" : {
          "type" : "string"
        },
        "destinationCurrency" : {
          "type" : "string"
        },
        "transferCurrency" : {
          "type" : "string"
        },
        "comments" : {
          "type" : "string"
        },
        "transferType" : {
          "type" : "string"
        }
      }
    },
    "payment" : {
      "type" : "object",
      "required" : [ "fundTransferDetl" ],
      "properties" : {
        "fundTransferDetl" : {
          "$ref" : "#/definitions/fundTransferDetl"
        }
      }
    }
  }
}