{"records": [
    {
        "jsonSchemaLocation": "/telegram_service.module/Service Descriptors/telegram_service.module.Process-username_status.json",
        "conversionType": "linked",
        "xsdSchemaTargetNamespace": "http://esd.project/client"
    },
    {
        "jsonSchemaLocation": "/telegram_service.module/Service Descriptors/telegram_service.module.Process-username_check.json",
        "conversionType": "linked",
        "xsdSchemaTargetNamespace": "http://esd.project/client"
    }
]}