{
  "swagger" : "2.0",
  "info" : {
    "version" : "1.0",
    "title" : "Summary about the new REST service.",
    "description" : "Summary about the new REST service."
  },
  "host" : "localhost:8081",
  "basePath" : "/",
  "schemes" : [ "http" ],
  "paths" : {
    "/updatebalance" : {
      "post" : {
        "summary" : "",
        "description" : "",
        "operationId" : "post-updatebalance",
        "consumes" : [ "application/json" ],
        "produces" : [ "application/json" ],
        "parameters" : [ {
          "name" : "body",
          "in" : "body",
          "description" : "",
          "schema" : {
            "$ref" : "#/definitions/addbalance"
          },
          "required" : true
        } ],
        "responses" : {
          "201" : {
            "description" : "Created",
            "schema" : {
              "type" : "string"
            }
          },
          "200" : {
            "description" : "OK"
          }
        }
      }
    }
  },
  "definitions" : {
    "addbalance" : {
      "type" : "object",
      "required" : [ "balance", "payeeId" ],
      "properties" : {
        "payeeId" : {
          "type" : "string"
        },
        "balance" : {
          "type" : "number"
        }
      }
    }
  }
}