{
  "swagger" : "2.0",
  "info" : {
    "version" : "1.0",
    "title" : "Checks if a username exists on the database",
    "description" : "Checks if a username exists on the database"
  },
  "host" : "localhost:8080",
  "basePath" : "/",
  "schemes" : [ "http" ],
  "paths" : {
    "/add_username" : {
      "post" : {
        "summary" : "",
        "description" : "",
        "operationId" : "post-add_username",
        "consumes" : [ "application/json" ],
        "produces" : [ "application/json" ],
        "parameters" : [ {
          "name" : "body",
          "in" : "body",
          "description" : "",
          "schema" : {
            "$ref" : "#/definitions/user_tele"
          },
          "required" : true
        } ],
        "responses" : {
          "200" : {
            "description" : "a user_tele to be returned",
            "schema" : {
              "$ref" : "#/definitions/user_tele"
            }
          }
        }
      }
    },
    "/sendMessage" : {
      "get" : {
        "summary" : "",
        "description" : "",
        "operationId" : "get-sendMessage",
        "consumes" : [ "application/json" ],
        "produces" : [ "application/json" ],
        "parameters" : [ {
          "name" : "message",
          "in" : "query",
          "description" : "",
          "type" : "string",
          "required" : false
        }, {
          "name" : "username",
          "in" : "query",
          "description" : "",
          "type" : "string",
          "required" : false
        } ],
        "responses" : {
          "200" : {
            "description" : "a string to be returned",
            "schema" : {
              "type" : "string"
            }
          }
        }
      }
    },
    "/username_check" : {
      "post" : {
        "summary" : "",
        "description" : "",
        "operationId" : "post-username_check",
        "consumes" : [ "text/plain" ],
        "produces" : [ "application/json" ],
        "parameters" : [ {
          "name" : "body",
          "in" : "body",
          "description" : "",
          "type" : "string",
          "required" : true
        } ],
        "responses" : {
          "200" : {
            "description" : "a string to be returned",
            "schema" : {
              "type" : "string"
            }
          }
        }
      }
    }
  },
  "definitions" : {
    "user_tele" : {
      "type" : "object",
      "required" : [ "chat_id", "username" ],
      "properties" : {
        "chat_id" : {
          "type" : "string"
        },
        "username" : {
          "type" : "string"
        }
      }
    }
  }
}