{
  "swagger" : "2.0",
  "info" : {
    "version" : "1.0",
    "title" : "Summary about the new REST service.",
    "description" : "Summary about the new REST service."
  },
  "host" : "localhost:8080",
  "basePath" : "/",
  "schemes" : [ "http" ],
  "paths" : {
    "/getstockohlc" : {
      "get" : {
        "summary" : "",
        "description" : "",
        "operationId" : "get-getstockohlc",
        "consumes" : [ "application/json" ],
        "produces" : [ "application/json" ],
        "parameters" : [ {
          "name" : "stockname",
          "in" : "query",
          "description" : "",
          "type" : "string",
          "required" : false
        }, {
          "name" : "token",
          "in" : "query",
          "description" : "",
          "type" : "string",
          "required" : false
        } ],
        "responses" : {
          "200" : {
            "description" : "a olhc_response to be returned",
            "schema" : {
              "$ref" : "#/definitions/olhc_response"
            }
          }
        }
      }
    }
  },
  "definitions" : {
    "olhc_response" : {
      "type" : "object",
      "required" : [ "close", "open" ],
      "properties" : {
        "open" : {
          "$ref" : "#/definitions/open"
        },
        "close" : {
          "$ref" : "#/definitions/close"
        },
        "high" : {
          "type" : "number"
        },
        "low" : {
          "type" : "number"
        }
      }
    },
    "close" : {
      "type" : "object",
      "required" : [ "price", "time" ],
      "properties" : {
        "price" : {
          "type" : "number"
        },
        "time" : {
          "type" : "number"
        }
      }
    },
    "open" : {
      "type" : "object",
      "required" : [ "price", "time" ],
      "properties" : {
        "price" : {
          "type" : "number"
        },
        "time" : {
          "type" : "number"
        }
      }
    }
  }
}