{
  "swagger" : "2.0",
  "info" : {
    "version" : "1.0",
    "title" : "Summary about the new REST service.",
    "description" : "Summary about the new REST service."
  },
  "host" : "localhost:8082",
  "basePath" : "/",
  "schemes" : [ "http" ],
  "paths" : {
    "/createTrade" : {
      "post" : {
        "summary" : "",
        "description" : "",
        "operationId" : "post-createTrade",
        "consumes" : [ "application/json" ],
        "produces" : [ "application/json" ],
        "parameters" : [ {
          "name" : "body",
          "in" : "body",
          "description" : "",
          "schema" : {
            "$ref" : "#/definitions/createTrade"
          },
          "required" : true
        } ],
        "responses" : {
          "201" : {
            "description" : "Created",
            "schema" : {
              "type" : "string"
            }
          },
          "222" : {
            "description" : "Insufficient Balance",
            "schema" : {
              "type" : "string"
            }
          },
          "200" : {
            "description" : "OK"
          }
        }
      }
    }
  },
  "definitions" : {
    "createTrade" : {
      "type" : "object",
      "required" : [ "stockname", "quantity", "username" ],
      "properties" : {
        "username" : {
          "type" : "string"
        },
        "stockname" : {
          "type" : "string"
        },
        "quantity" : {
          "type" : "integer"
        }
      }
    }
  }
}