{"records": [
    {
        "jsonSchemaLocation": "/iex.module/Service Descriptors/iex.module.Process-getstockohlc.json",
        "conversionType": "linked"
    },
    {
        "jsonSchemaLocation": "/iex.module/Service Descriptors/iex.module.stock_api-getstockbyname.json",
        "conversionType": "linked",
        "xsdSchemaTargetNamespace": "http://www.lol.com"
    },
    {
        "jsonSchemaLocation": "/iex.module/Service Descriptors/iex.module.stock_api-getstockbyname.json",
        "conversionType": "linked",
        "xsdSchemaTargetNamespace": "http://www.lol.com/stocks"
    },
    {
        "jsonSchemaLocation": "/iex.module/Service Descriptors/iex.module.stockapi-getstockbyname.json",
        "conversionType": "linked",
        "xsdSchemaTargetNamespace": "http://www.helloworld.com"
    }
]}