{"records": [
    {
        "jsonSchemaLocation": "/trade.module/Service Descriptors/trade.module.Process-trade.json",
        "conversionType": "linked",
        "xsdSchemaTargetNamespace": "http://www.amazing.com/createTrade"
    },
    {
        "jsonSchemaLocation": "/trade.module/Service Descriptors/iex.module.stockapi-getstockbyname.json",
        "conversionType": "generated",
        "xsdSchemaTargetNamespace": "/T1554175022552Converted/JsonSchema"
    },
    {
        "jsonSchemaLocation": "/trade.module/Service Descriptors/iex.module.stockapi-getstockbyname.json",
        "conversionType": "generated",
        "xsdSchemaTargetNamespace": "/T1554175420039Converted/JsonSchema"
    },
    {
        "jsonSchemaLocation": "/trade.module/Service Descriptors/client.module.client-client.json",
        "conversionType": "generated",
        "xsdSchemaTargetNamespace": "/T1554175458032Converted/JsonSchema"
    }
]}