{
    "records": [{
        "name": "Cloud",
        "items": [],
        "url": "https://integration.cloud.tibco.com:443"
    }],
    "resources": [
        {
            "location": "Service Descriptors/iex.module.Process-getstockohlc.json",
            "type": "generated"
        },
        {
            "location": "Service Descriptors/iex.module.process_run-getStocksByName.json",
            "type": "generated"
        },
        {
            "location": "Service Descriptors/iex.module.stock_api-getStockByName.json",
            "type": "generated"
        },
        {
            "location": "Service Descriptors/iex.module.stock_api-getstockbyname.json",
            "type": "generated"
        },
        {
            "location": "Service Descriptors/iex.module.Process-getstockbyname.json",
            "type": "generated"
        },
        {
            "location": "Service Descriptors/iex.module.getstock-getstockbyname.json",
            "type": "generated"
        },
        {
            "location": "Service Descriptors/iex.module.stockapi-getstockbyname.json",
            "type": "generated"
        }
    ]
}